,time,intersection,surfzone_position,shoreline_position,n_waves,wave_id
0,76.19147428766419,153.756633837679,250.38413904566113,84.03057981529392,23.0,7.0
1,119.77494035630345,73.57228460826727,246.4922017185259,72.50228197522736,23.0,10.0
2,119.77494035630345,73.57228460826727,246.4922017185259,72.50228197522736,23.0,11.0
