,time,intersection,surfzone_position,shoreline_position,n_waves,wave_id
0,88.7784251703491,53.76426089649697,104.63198910345666,53.19717603667843,48.0,4.0
1,111.82031888324993,45.31693002709415,111.33176521049099,45.04577373946777,48.0,7.0
2,111.82031888324993,45.31693002709415,111.33176521049099,45.04577373946777,48.0,8.0
3,30.159690877953103,51.10532505122109,114.9834694160559,50.55784580725466,48.0,12.0
4,187.49979826030676,53.07918708452583,111.37796611714826,38.8206066247535,48.0,18.0
5,193.05628453937473,44.533042469998335,107.62309783186222,43.503519641636295,48.0,20.0
6,36.976865169625576,51.16690358567179,116.81190162931748,49.82035461710023,48.0,33.0
7,57.84536100203072,52.82968211463771,106.68032161967415,35.07344436370725,48.0,47.0
